{"cameraMode":{"drawMode":0,"name":"Shaded","section":"Shading Mode"},"sceneLighting":true,"audioPlay":false,"sceneViewState":{"showFog":true,"showMaterialUpdate":false,"showSkybox":true,"showFlares":true,"showImageEffects":true,"showParticleSystems":true},"in2DMode":false,"pivot":{"x":-74.83499908447266,"y":388.9593505859375,"z":-62.4950065612793},"rotation":{"x":-0.09112351387739182,"y":0.2992957532405853,"z":0.028727199882268907,"w":0.9493677616119385},"size":113.88477325439453,"orthographic":false}